Nom,Image,Prix,Catégorie,
HX12,7f073e8d6e4de0003f441b47d90a78ae.webp,210€,Smartphones,
Optima S8,5e360805f508f80ef1c7ae5bc440b5d4.webp,220€,Smartphones,
Luxor 5G,846af30919a0fa830898ba5beb064a2d.webp,210€,Smartphones,
Vortex Z10,2907f160df188564a643abffd91a2c63.webp,250€,Smartphones,
EcoBag Classic,pms_1671012717.0641513.webp,250€,Sacs,
Urban Explorer,pms_1594731186.97088089.webp,250€,Sacs,
Luxury Tote,pms_1651226399.795670.webp,250€,Sacs,
TravelMate,pms_1591081631.75566795.webp,250€,Sacs,
Pulse Tracker,4efdb1240b1baaafa2415600f7e2ac7e.webp,50€,SmarBands,
MoveBand,23b1e22dec1a69cc74f3c29e31908ff7.webp,150€,SmarBands,
ActiveGear X,pms_1663641243.50078277.webp,120€,SmarBands,
VibeTrack,8181b40827d620590f6acffbbbe1817a.webp,80€,SmarBands,
VisioHub Elite,pms_1641525405.47815303.webp,250€,MultiMedia,
SoundMax Pro,pms_1536247774.31792600.webp,820€,MultiMedia,
VisionX Pro 4K,pms_1637137094.02999105.webp,1450€,MultiMedia,
PixelMaster QLED,ad1170ff926bd7bf8c136edc3c260fa3.webp,1250€,MultiMedia,
CineSharp Elite,aff860b50637ec523a4338f0aaf12d6c.webp,2240€,MultiMedia,